{
  "accuracy": 0.8,
  "precision": 0.798582995951417,
  "recall": 0.7949999999999999,
  "f1": 0.7963800904977376,
  "precision_class_0": 0.7894736842105263,
  "recall_class_0": 0.75,
  "f1_class_0": 0.7692307692307693,
  "precision_class_1": 0.8076923076923077,
  "recall_class_1": 0.84,
  "f1_class_1": 0.8235294117647058,
  "roc_auc": 0.8860000000000001,
  "model_name": "stacking_lr_ensemble",
  "target_type": "binary",
  "ensemble_type": "stacking",
  "run_name": "stacking_lr_ensemble",
  "saved_at": "2025-12-07T18:01:37.539540"
}