{
  "run_id": "multiclass_20251204_230529",
  "accuracy": 0.9907935116177116,
  "precision": 0.992005607092355,
  "recall": 0.9889128180585467,
  "f1": 0.9904200450439543,
  "precision_class_0": 0.9871134020618557,
  "recall_class_0": 1.0,
  "f1_class_0": 0.993514915693904,
  "precision_class_1": 0.9948914431673053,
  "recall_class_1": 0.9786432160804021,
  "f1_class_1": 0.986700443318556,
  "precision_class_2": 0.9940119760479041,
  "recall_class_2": 0.9880952380952381,
  "f1_class_2": 0.991044776119403,
  "roc_auc_ovr": 0.999115514825704,
  "model_name": "hgb_multiclass_calibrated",
  "target_type": "3class",
  "calibrated": true,
  "saved_at": "2025-12-04T23:05:40.618304",
  "model_path": "/Users/prajanv/CardioDetect/milestone_2/models/hgb_multiclass_calibrated.pkl"
}