{
  "run_id": "baselines_20251204_230425",
  "accuracy": 0.9903551074090311,
  "precision": 0.9878892834387355,
  "recall": 0.9888213264715554,
  "f1": 0.9883534966596389,
  "precision_class_0": 0.9965095986038395,
  "recall_class_0": 0.9939077458659704,
  "f1_class_0": 0.9952069716775599,
  "precision_class_1": 0.9849624060150376,
  "recall_class_1": 0.9874371859296482,
  "f1_class_1": 0.986198243412798,
  "precision_class_2": 0.9821958456973294,
  "recall_class_2": 0.9851190476190477,
  "f1_class_2": 0.9836552748885586,
  "roc_auc_ovr": 0.9989186955929803,
  "model_name": "mlp_3class",
  "target_type": "3class",
  "saved_at": "2025-12-04T23:04:35.342165",
  "model_path": "/Users/prajanv/CardioDetect/milestone_2/models/mlp_3class.pkl"
}