{
  "run_id": "baselines_20251204_230425",
  "accuracy": 0.9719421306444542,
  "precision": 0.9719579819527229,
  "recall": 0.9719275018682707,
  "f1": 0.9719397522738981,
  "precision_class_0": 0.9705117085862967,
  "recall_class_0": 0.9738903394255874,
  "f1_class_0": 0.9721980886185926,
  "precision_class_1": 0.973404255319149,
  "recall_class_1": 0.9699646643109541,
  "f1_class_1": 0.9716814159292035,
  "roc_auc": 0.996803181134617,
  "model_name": "rf_binary",
  "target_type": "binary",
  "saved_at": "2025-12-04T23:04:36.011054",
  "model_path": "/Users/prajanv/CardioDetect/milestone_2/models/rf_binary.pkl"
}