{
  "run_id": "baselines_20251204_230425",
  "accuracy": 0.9780797895659799,
  "precision": 0.9782853358032138,
  "recall": 0.9780132208987997,
  "f1": 0.9780740204152882,
  "precision_class_0": 0.9700598802395209,
  "recall_class_0": 0.9869451697127938,
  "f1_class_0": 0.9784296807592753,
  "precision_class_1": 0.9865107913669064,
  "recall_class_1": 0.9690812720848057,
  "f1_class_1": 0.9777183600713012,
  "roc_auc": 0.9954162015210647,
  "model_name": "svm_binary",
  "target_type": "binary",
  "saved_at": "2025-12-04T23:04:41.700697",
  "model_path": "/Users/prajanv/CardioDetect/milestone_2/models/svm_binary.pkl"
}