target,count,ratio
0,4007,0.7765503875968992
1,1153,0.22344961240310077
