,age,sex,cp,trestbps,chol,fbs,restecg,thalach,exang,oldpeak,slope,ca,thal,target
count,5160.0,5160.0,920.0,5101.0,5080.0,5070.0,918.0,5104.0,865.0,858.0,611.0,309.0,434.0,5160.0
mean,50.281007751937985,0.4934108527131783,3.25,132.3170946873162,230.11751968503938,0.04674556213017751,0.6045751633986928,86.32993730407523,0.3895953757225434,0.8787878787878788,1.7708674304418985,0.6763754045307443,5.087557603686636,0.22344961240310077
std,8.858655541964728,0.5000050337006259,0.9309688168655602,21.559538398343783,63.182626320089625,0.21111419971567905,0.8058271855086709,27.73556717243455,0.48794063464888254,1.09122624834653,0.6192558202561294,0.9356530125599872,1.9190745526702409,0.4165975486277199
min,28.0,0.0,1.0,0.0,0.0,0.0,0.0,44.0,0.0,-2.6,1.0,0.0,3.0,0.0
25%,43.0,0.0,3.0,118.0,203.0,0.0,0.0,70.0,0.0,0.0,1.0,0.0,3.0,0.0
50%,50.0,0.0,4.0,129.0,232.0,0.0,0.0,77.0,0.0,0.5,2.0,0.0,6.0,0.0
75%,57.0,1.0,4.0,143.0,264.0,0.0,1.0,90.25,1.0,1.5,2.0,1.0,7.0,0.0
max,77.0,1.0,4.0,295.0,696.0,1.0,2.0,202.0,1.0,6.2,3.0,3.0,7.0,1.0
