target,count,ratio
0,164,0.5412541254125413
1,139,0.45874587458745875
