{
  "accuracy": 0.9960543621218764,
  "precision": 0.996057740360589,
  "recall": 0.9960508753963349,
  "f1": 0.9960541164028933,
  "precision_class_0": 0.9956521739130435,
  "recall_class_0": 0.9965187119234117,
  "f1_class_0": 0.9960852544584602,
  "precision_class_1": 0.9964633068081344,
  "recall_class_1": 0.9955830388692579,
  "f1_class_1": 0.9960229783473266,
  "roc_auc": 0.9990574074244928,
  "model_name": "mlp_binary",
  "target_type": "binary",
  "run_name": "mlp_binary",
  "saved_at": "2025-12-04T23:04:42.727599"
}