{
  "accuracy": 0.9859710653222271,
  "precision": 0.9852435400662233,
  "recall": 0.9836157688646306,
  "f1": 0.9844252229228646,
  "precision_class_0": 0.98959236773634,
  "recall_class_0": 0.9930374238468234,
  "f1_class_0": 0.9913119026933102,
  "precision_class_1": 0.9811083123425692,
  "recall_class_1": 0.9786432160804021,
  "f1_class_1": 0.979874213836478,
  "precision_class_2": 0.9850299401197605,
  "recall_class_2": 0.9791666666666666,
  "f1_class_2": 0.982089552238806,
  "roc_auc_ovr": 0.9989339834826626,
  "model_name": "voting_ensemble",
  "target_type": "3class",
  "ensemble_type": "voting",
  "run_name": "voting_ensemble",
  "saved_at": "2025-12-04T23:05:53.672490"
}