{
  "accuracy": 0.9188952213941254,
  "precision": 0.9160067652542788,
  "recall": 0.9029872621427,
  "f1": 0.908910456196569,
  "precision_class_0": 0.9543459174714662,
  "recall_class_0": 0.9460400348128808,
  "f1_class_0": 0.9501748251748252,
  "precision_class_1": 0.8676293622141997,
  "recall_class_1": 0.9057788944723618,
  "f1_class_1": 0.8862937922556853,
  "precision_class_2": 0.9260450160771704,
  "recall_class_2": 0.8571428571428571,
  "f1_class_2": 0.8902627511591963,
  "roc_auc_ovr": 0.9829621334403041,
  "model_name": "lr_3class",
  "target_type": "3class",
  "run_name": "lr_3class",
  "saved_at": "2025-12-04T23:04:25.958923"
}