{
  "accuracy": 0.9912319158263919,
  "precision": 0.9899626269490636,
  "recall": 0.9888282381279351,
  "f1": 0.9893919884423417,
  "precision_class_0": 0.9956483899042646,
  "recall_class_0": 0.9956483899042646,
  "f1_class_0": 0.9956483899042646,
  "precision_class_1": 0.9862155388471178,
  "recall_class_1": 0.9886934673366834,
  "f1_class_1": 0.9874529485570891,
  "precision_class_2": 0.9880239520958084,
  "recall_class_2": 0.9821428571428571,
  "f1_class_2": 0.9850746268656716,
  "roc_auc_ovr": 0.9995905707154531,
  "model_name": "stacking_lr_ensemble",
  "target_type": "3class",
  "ensemble_type": "stacking",
  "run_name": "stacking_lr_ensemble",
  "saved_at": "2025-12-04T23:06:00.358134"
}